originalFilename,imageUrl
"WhatsApp Image 2026-04-01 at 19.50.33.jpeg","https://weareclearance.replit.app/api/storage/objects/uploads/85956388-5bdf-40d6-89e6-d6fef169aecf"
"WhatsApp Image 2026-04-01 at 19.50.49.jpeg","https://weareclearance.replit.app/api/storage/objects/uploads/93c2d064-1315-4910-ad39-043a99554445"
"WhatsApp Image 2026-04-09 at 18.33.48.jpeg","https://weareclearance.replit.app/api/storage/objects/uploads/3848e196-de1a-4273-970d-1e73a2247004"
"WhatsApp Image 2026-04-10 at 12.18.28.jpeg","https://weareclearance.replit.app/api/storage/objects/uploads/815a86c6-6c2f-462c-88fe-cdbcb75087b2"
"WhatsApp Image 2026-04-10 at 12.18.29.jpeg","https://weareclearance.replit.app/api/storage/objects/uploads/65fc0c67-e456-462f-87c6-4580d3f61c8f"
"WhatsApp Image 2026-04-10 at 12.18.31.jpeg","https://weareclearance.replit.app/api/storage/objects/uploads/5581a454-a38c-4e8a-a1b3-8edf0e8ac36f"
"WhatsApp Image 2026-06-02 at 17.54.05.jpeg","https://weareclearance.replit.app/api/storage/objects/uploads/093a90d3-b60e-4244-9b23-bc29497e9292"
"WhatsApp Image 2026-06-02 at 17.56.37.jpeg","https://weareclearance.replit.app/api/storage/objects/uploads/a7393df2-0a29-4123-b574-be74f7b8bae7"
"WhatsApp Image 2026-06-02 at 17.57.40.jpeg","https://weareclearance.replit.app/api/storage/objects/uploads/b010b775-f7c5-4660-b00e-694388910fbe"
"WhatsApp Image 2026-06-24 at 19.32.30.jpeg","https://weareclearance.replit.app/api/storage/objects/uploads/79e721d0-1e23-412b-a706-bc6b59a7647a"
"WhatsApp Image 2026-06-24 at 19.32.33.jpeg","https://weareclearance.replit.app/api/storage/objects/uploads/3e022d9d-86d1-40ba-87bd-452fc478c71d"
"WhatsApp Image 2026-06-24 at 19.32.36.jpeg","https://weareclearance.replit.app/api/storage/objects/uploads/ef80306d-48f8-47ad-8ec3-c8b581a2b496"
"WhatsApp Image 2026-06-24 at 19.32.42.jpeg","https://weareclearance.replit.app/api/storage/objects/uploads/eafd07cd-246f-4c3a-a8af-2521eb19876c"
"WhatsApp Image 2026-06-26 at 18.20.20.jpeg","https://weareclearance.replit.app/api/storage/objects/uploads/9c1a6b66-ff32-44e5-8522-c580370fd32f"
"WhatsApp Image 2026-07-09 at 11.40.11.jpeg","https://weareclearance.replit.app/api/storage/objects/uploads/d96c0682-6e1e-4100-80a4-a7e0d9509527"
"WhatsApp Image 2026-07-09 at 11.40.12.jpeg","https://weareclearance.replit.app/api/storage/objects/uploads/42780b63-8941-47d3-876f-0e606c4c81f1"
"WhatsApp Image 2026-07-09 at 11.40.14.jpeg","https://weareclearance.replit.app/api/storage/objects/uploads/beff7d14-59e3-4f7c-887b-665d74b69c91"
"WhatsApp Image 2026-07-09 at 11.40.15.jpeg","https://weareclearance.replit.app/api/storage/objects/uploads/6fcdb1be-9c14-4064-9385-ed87b465c606"
"WhatsApp Image 2026-07-09 at 11.40.17.jpeg","https://weareclearance.replit.app/api/storage/objects/uploads/e869bc8e-ae5e-40c1-ad55-986dee545005"
"WhatsApp Image 2026-07-09 at 11.40.19.jpeg","https://weareclearance.replit.app/api/storage/objects/uploads/9a0611cf-7046-4404-9e56-a1c3301e3627"
"WhatsApp Image 2026-07-09 at 11.40.30.jpeg","https://weareclearance.replit.app/api/storage/objects/uploads/913a3c50-b017-4eb1-8dc9-bf3f9f6e5919"
"WhatsApp Image 2026-07-13 at 21.10.35.jpeg","https://weareclearance.replit.app/api/storage/objects/uploads/2f3aa30e-44e3-4358-8df4-598559e2780a"
"WhatsApp Image 2026-07-13 at 21.10.39.jpeg","https://weareclearance.replit.app/api/storage/objects/uploads/a5120c8a-d74c-4aa8-99fc-7d7d704e5544"
"WhatsApp Image 2026-07-15 at 17.27.33.jpeg","https://weareclearance.replit.app/api/storage/objects/uploads/91e3cbac-ecfb-4f0d-a146-ab5610cf1c94"
"WhatsApp Image 2026-07-15 at 17.27.36.jpeg","https://weareclearance.replit.app/api/storage/objects/uploads/e9f9c31d-c1c8-4ddc-bc85-28f3a4af515d"
"WhatsApp Image 2026-07-15 at 17.27.38.jpeg","https://weareclearance.replit.app/api/storage/objects/uploads/a24cfdbd-5c07-459f-a19a-c983db7c8708"
"WhatsApp Image 2026-07-15 at 17.27.42.jpeg","https://weareclearance.replit.app/api/storage/objects/uploads/a34817ed-016d-4922-a077-7ac071429af9"
"WhatsApp Image 2026-07-15 at 17.27.46.jpeg","https://weareclearance.replit.app/api/storage/objects/uploads/9233c88a-2647-4088-8c40-25874c7ed95e"
"WhatsApp Image 2026-07-16 at 14.31.05.jpeg","https://weareclearance.replit.app/api/storage/objects/uploads/ede28168-348b-4494-a163-f027ede6b936"
"WhatsApp Image 2026-07-16 at 14.31.10.jpeg","https://weareclearance.replit.app/api/storage/objects/uploads/5c5c0b85-5697-4e58-9eff-1223caf0946f"
"WhatsApp Image 2026-08-01 at 11.01.50.jpeg","https://weareclearance.replit.app/api/storage/objects/uploads/77e5aa17-0efb-4202-b714-447d7e046173"
"WhatsApp Image 2026-08-07 at 10.11.44.jpeg","https://weareclearance.replit.app/api/storage/objects/uploads/699f2b3a-7044-4da5-a0d9-be23ce83a44b"
"WhatsApp Image 2026-08-15 at 10.25.02.jpeg","https://weareclearance.replit.app/api/storage/objects/uploads/13170e09-432a-482f-874c-92d53c7b8e5f"
"WhatsApp Image 2026-08-15 at 10.25.04.jpeg","https://weareclearance.replit.app/api/storage/objects/uploads/3d5ab5cc-fd15-4a78-a911-79359d21ce02"
"WhatsApp Image 2026-08-20 at 13.17.41.jpeg","https://weareclearance.replit.app/api/storage/objects/uploads/acc919ec-b90c-4d2f-91ec-cb546546386a"
"WhatsApp Image 2026-08-20 at 13.17.45.jpeg","https://weareclearance.replit.app/api/storage/objects/uploads/1b7c8bbf-64c2-4b83-8ca9-711791ef78ca"
"WhatsApp Image 2026-08-20 at 13.17.50.jpeg","https://weareclearance.replit.app/api/storage/objects/uploads/d4d49876-1092-4e7e-aee9-59c0aa038181"
"WhatsApp Image 2026-08-20 at 13.17.59.jpeg","https://weareclearance.replit.app/api/storage/objects/uploads/52ddc30c-1697-48db-9a36-abe851ab328e"
"WhatsApp Image 2026-08-20 at 13.18.22.jpeg","https://weareclearance.replit.app/api/storage/objects/uploads/7d7d31b5-48b3-479e-9afc-9a6871a862b1"
"WhatsApp Image 2026-08-20 at 13.18.53.jpeg","https://weareclearance.replit.app/api/storage/objects/uploads/e68b5608-a7f0-4a75-8d7a-41ed47a41d29"
